{
  "products": [
    {
      "name": "Mrs. Charlene Murphy",
      "price": "164.00",
      "status": false,
      "id": "1"
    },
    {
      "name": "Scott Koelpin MD",
      "price": "579.00",
      "status": true,
      "id": "2"
    },
    {
      "name": "Delia Becker",
      "price": "947.00",
      "status": false,
      "id": "3"
    },
    {
      "name": "Ellen Kunde",
      "price": "878.00",
      "status": true,
      "id": "4"
    },
    {
      "name": "Ms. Flora Ledner",
      "price": "139.00",
      "status": true,
      "id": "5"
    },
    {
      "name": "Lionel Jacobi",
      "price": "376.00",
      "status": true,
      "id": "6"
    },
    {
      "name": "Kathy Labadie",
      "price": "307.00",
      "status": true,
      "id": "7"
    },
    {
      "name": "Emma Kertzmann",
      "price": "915.00",
      "status": false,
      "id": "8"
    },
    {
      "name": "Dominic Emmerich MD",
      "price": "856.00",
      "status": true,
      "id": "9"
    },
    {
      "name": "Oliver Kris",
      "price": "278.00",
      "status": false,
      "id": "10"
    },
    {
      "name": "Linda Waters",
      "price": "749.00",
      "status": false,
      "id": "11"
    },
    {
      "name": "Carolyn Stehr",
      "price": "151.00",
      "status": false,
      "id": "12"
    },
    {
      "name": "Miss Dexter Kuhn",
      "price": "637.00",
      "status": false,
      "id": "13"
    },
    {
      "name": "Ada Kerluke",
      "price": "769.00",
      "status": true,
      "id": "14"
    },
    {
      "name": "Leigh Johnston",
      "price": "598.00",
      "status": false,
      "id": "15"
    },
    {
      "name": "Arthur Deckow",
      "price": "764.00",
      "status": false,
      "id": "16"
    },
    {
      "name": "Allison Kozey",
      "price": "629.00",
      "status": true,
      "id": "17"
    },
    {
      "name": "Mrs. Austin Cartwright",
      "price": "461.00",
      "status": false,
      "id": "18"
    },
    {
      "name": "Jon Harber IV",
      "price": "79.00",
      "status": false,
      "id": "19"
    },
    {
      "name": "Margaret Bergstrom",
      "price": "989.00",
      "status": true,
      "id": "20"
    },
    {
      "name": "Maria Lynch",
      "price": "52.00",
      "status": false,
      "id": "21"
    },
    {
      "name": "Abraham Gibson",
      "price": "591.00",
      "status": false,
      "id": "22"
    },
    {
      "name": "Van Trantow",
      "price": "674.00",
      "status": false,
      "id": "23"
    },
    {
      "name": "Ervin Rosenbaum",
      "price": "761.00",
      "status": true,
      "id": "24"
    },
    {
      "name": "Angel Feeney",
      "price": "498.00",
      "status": false,
      "id": "25"
    },
    {
      "name": "Tommy Abshire",
      "price": "464.00",
      "status": true,
      "id": "26"
    },
    {
      "name": "Sean Auer",
      "price": "566.00",
      "status": true,
      "id": "27"
    },
    {
      "name": "Vanessa Nikolaus",
      "price": "574.00",
      "status": true,
      "id": "28"
    },
    {
      "name": "Angelica O'Connell",
      "price": "674.00",
      "status": false,
      "id": "29"
    },
    {
      "name": "Sergio Smith",
      "price": "224.00",
      "status": false,
      "id": "30"
    },
    {
      "name": "Gina Hills",
      "price": "21.00",
      "status": false,
      "id": "31"
    },
    {
      "name": "Homer Boehm",
      "price": "764.00",
      "status": false,
      "id": "32"
    },
    {
      "name": "Lois Feeney",
      "price": "952.00",
      "status": true,
      "id": "33"
    },
    {
      "name": "Ruth Pagac",
      "price": "190.00",
      "status": true,
      "id": "34"
    },
    {
      "name": "Tom Kuhlman",
      "price": "596.00",
      "status": false,
      "id": "35"
    },
    {
      "name": "Mr. Johnnie Predovic",
      "price": "71.00",
      "status": true,
      "id": "36"
    },
    {
      "name": "Anita Anderson",
      "price": "175.00",
      "status": true,
      "id": "37"
    },
    {
      "name": "Chris Schulist",
      "price": "905.00",
      "status": true,
      "id": "38"
    },
    {
      "name": "Mr. Maria Grant",
      "price": "440.00",
      "status": false,
      "id": "39"
    },
    {
      "name": "Aubrey Mraz",
      "price": "478.00",
      "status": false,
      "id": "40"
    },
    {
      "name": "Kristi Treutel",
      "price": "837.00",
      "status": true,
      "id": "41"
    },
    {
      "name": "Mark Streich",
      "price": "852.00",
      "status": false,
      "id": "42"
    },
    {
      "name": "Matthew Armstrong",
      "price": "425.00",
      "status": true,
      "id": "43"
    },
    {
      "name": "Johnathan Bergnaum",
      "price": "406.00",
      "status": false,
      "id": "44"
    },
    {
      "name": "Ricky Casper",
      "price": "595.00",
      "status": true,
      "id": "45"
    },
    {
      "name": "Steve Stracke",
      "price": "928.00",
      "status": false,
      "id": "46"
    },
    {
      "name": "Darlene Predovic",
      "price": "59.00",
      "status": true,
      "id": "48"
    },
    {
      "name": "adgvbasdb",
      "price": "123423",
      "status": true,
      "id": "TIO-02A"
    },
    {
      "name": "Oppo 8",
      "price": "684132",
      "status": false,
      "id": "eU3nE9a"
    }
  ]
}